Location|Latitude|Longitude|Elevation|Timezone|Date|Year|Month|Day|TemperatureHigh|TemperatureLow|Humidity|Pressure
Sydney|-33.8688197|151.2092955|24.5399284363|Australia/Sydney|2017-01-01T13:00:00|2017|1|1|24.52|18.27|69.0|1012.07
Sydney|-33.8688197|151.2092955|24.5399284363|Australia/Sydney|2017-01-13T13:00:00|2017|1|13|31.71|21.9|60.0|1003.78
Sydney|-33.8688197|151.2092955|24.5399284363|Australia/Sydney|2017-01-25T13:00:00|2017|1|25|24.34|20.48|78.0|1015.14
Sydney|-33.8688197|151.2092955|24.5399284363|Australia/Sydney|2017-02-06T13:00:00|2017|2|6|25.1|21.65|84.0|1017.32
Sydney|-33.8688197|151.2092955|24.5399284363|Australia/Sydney|2017-02-18T13:00:00|2017|2|18|25.64|16.72|70.0|1006.71
Sydney|-33.8688197|151.2092955|24.5399284363|Australia/Sydney|2017-03-02T13:00:00|2017|3|2|24.89|20.07|87.0|1015.96
Sydney|-33.8688197|151.2092955|24.5399284363|Australia/Sydney|2017-03-14T13:00:00|2017|3|14|26.07|21.6|80.0|1018.82
Sydney|-33.8688197|151.2092955|24.5399284363|Australia/Sydney|2017-03-26T13:00:00|2017|3|26|28.1|20.41|75.0|1014.02
Sydney|-33.8688197|151.2092955|24.5399284363|Australia/Sydney|2017-04-07T14:00:00|2017|4|7|24.01|14.83|69.0|1023.32
Sydney|-33.8688197|151.2092955|24.5399284363|Australia/Sydney|2017-04-19T14:00:00|2017|4|19|23.36|13.46|73.0|1028.51
Sydney|-33.8688197|151.2092955|24.5399284363|Australia/Sydney|2017-05-01T14:00:00|2017|5|1|22.78|14.61|61.0|1017.09
Sydney|-33.8688197|151.2092955|24.5399284363|Australia/Sydney|2017-05-13T14:00:00|2017|5|13|19.31|12.63|83.0|1020.34
Sydney|-33.8688197|151.2092955|24.5399284363|Australia/Sydney|2017-05-25T14:00:00|2017|5|25|19.67|10.64|73.0|1020.56
Sydney|-33.8688197|151.2092955|24.5399284363|Australia/Sydney|2017-06-06T14:00:00|2017|6|6|15.24|13.08|88.0|1019.81
Sydney|-33.8688197|151.2092955|24.5399284363|Australia/Sydney|2017-06-18T14:00:00|2017|6|18|17.78|10.72|78.0|1028.77
Sydney|-33.8688197|151.2092955|24.5399284363|Australia/Sydney|2017-06-30T14:00:00|2017|6|30|15.32|3.95|64.0|1028.92
Sydney|-33.8688197|151.2092955|24.5399284363|Australia/Sydney|2017-07-12T14:00:00|2017|7|12|17.49|6.23|77.0|1026.33
Sydney|-33.8688197|151.2092955|24.5399284363|Australia/Sydney|2017-07-24T14:00:00|2017|7|24|19.97|10.93|57.0|1020.82
Sydney|-33.8688197|151.2092955|24.5399284363|Australia/Sydney|2017-08-05T14:00:00|2017|8|5|20.77|10.63|44.0|1012.46
Sydney|-33.8688197|151.2092955|24.5399284363|Australia/Sydney|2017-08-17T14:00:00|2017|8|17|16.32|8.01|40.0|1009.28
Sydney|-33.8688197|151.2092955|24.5399284363|Australia/Sydney|2017-08-29T14:00:00|2017|8|29|17.92|7.34|58.0|1022.24
Sydney|-33.8688197|151.2092955|24.5399284363|Australia/Sydney|2017-09-10T14:00:00|2017|9|10|22.93|10.26|58.0|1018.54
Sydney|-33.8688197|151.2092955|24.5399284363|Australia/Sydney|2017-09-22T14:00:00|2017|9|22|32.28|25.24|34.0|1005.96
Sydney|-33.8688197|151.2092955|24.5399284363|Australia/Sydney|2017-10-04T13:00:00|2017|10|4|26.36|17.82|71.0|1015.85
Sydney|-33.8688197|151.2092955|24.5399284363|Australia/Sydney|2017-10-16T13:00:00|2017|10|16|24.21|16.48|61.0|1027.04
Sydney|-33.8688197|151.2092955|24.5399284363|Australia/Sydney|2017-10-28T13:00:00|2017|10|28|30.44|18.16|52.0|1006.75
Sydney|-33.8688197|151.2092955|24.5399284363|Australia/Sydney|2017-11-09T13:00:00|2017|11|9|23.62|13.48|62.0|1027.01
Sydney|-33.8688197|151.2092955|24.5399284363|Australia/Sydney|2017-11-21T13:00:00|2017|11|21|23.39|16.63|71.0|1019.47
Sydney|-33.8688197|151.2092955|24.5399284363|Australia/Sydney|2017-12-03T13:00:00|2017|12|3|19.0|16.3|78.0|1009.55
Sydney|-33.8688197|151.2092955|24.5399284363|Australia/Sydney|2017-12-15T13:00:00|2017|12|15|31.39|21.87|70.0|1012.48
Sydney|-33.8688197|151.2092955|24.5399284363|Australia/Sydney|2017-12-27T13:00:00|2017|12|27|29.86|20.79|68.0|1014.76
London|51.5073509|-0.1277583|7.96552228928|Europe/London|2017-01-02T00:00:00|2017|1|2|5.03|-1.69|85.0|1028.28
London|51.5073509|-0.1277583|7.96552228928|Europe/London|2017-01-14T00:00:00|2017|1|14|4.89|1.12|85.0|1020.1
London|51.5073509|-0.1277583|7.96552228928|Europe/London|2017-01-26T00:00:00|2017|1|26|0.09|-1.06|85.0|1020.13
London|51.5073509|-0.1277583|7.96552228928|Europe/London|2017-02-07T00:00:00|2017|2|7|10.5|4.11|84.0|1014.24
London|51.5073509|-0.1277583|7.96552228928|Europe/London|2017-02-19T00:00:00|2017|2|19|11.92|9.39|86.0|1022.4
London|51.5073509|-0.1277583|7.96552228928|Europe/London|2017-03-03T00:00:00|2017|3|3|11.16|7.5|84.0|999.0
London|51.5073509|-0.1277583|7.96552228928|Europe/London|2017-03-15T00:00:00|2017|3|15|17.7|6.58|79.0|1032.4
London|51.5073509|-0.1277583|7.96552228928|Europe/London|2017-03-26T23:00:00|2017|3|26|14.91|5.59|79.0|1022.15
London|51.5073509|-0.1277583|7.96552228928|Europe/London|2017-04-07T23:00:00|2017|4|7|20.53|7.94|68.0|1023.78
London|51.5073509|-0.1277583|7.96552228928|Europe/London|2017-04-19T23:00:00|2017|4|19|14.52|8.83|64.0|1035.85
London|51.5073509|-0.1277583|7.96552228928|Europe/London|2017-05-01T23:00:00|2017|5|1|16.32|7.58|73.0|1018.65
London|51.5073509|-0.1277583|7.96552228928|Europe/London|2017-05-13T23:00:00|2017|5|13|19.32|9.74|67.0|1017.87
London|51.5073509|-0.1277583|7.96552228928|Europe/London|2017-05-25T23:00:00|2017|5|25|26.5|16.06|64.0|1018.09
London|51.5073509|-0.1277583|7.96552228928|Europe/London|2017-06-06T23:00:00|2017|6|6|19.49|13.18|65.0|1010.57
London|51.5073509|-0.1277583|7.96552228928|Europe/London|2017-06-18T23:00:00|2017|6|18|30.57|18.13|61.0|1019.22
London|51.5073509|-0.1277583|7.96552228928|Europe/London|2017-06-30T23:00:00|2017|6|30|21.51|15.32|69.0|1015.18
London|51.5073509|-0.1277583|7.96552228928|Europe/London|2017-07-12T23:00:00|2017|7|12|21.76|14.55|60.0|1021.77
London|51.5073509|-0.1277583|7.96552228928|Europe/London|2017-07-24T23:00:00|2017|7|24|21.91|14.32|72.0|1015.77
London|51.5073509|-0.1277583|7.96552228928|Europe/London|2017-08-05T23:00:00|2017|8|5|21.51|13.42|69.0|1021.87
London|51.5073509|-0.1277583|7.96552228928|Europe/London|2017-08-17T23:00:00|2017|8|17|19.21|13.14|77.0|1011.06
London|51.5073509|-0.1277583|7.96552228928|Europe/London|2017-08-29T23:00:00|2017|8|29|14.09|9.17|85.0|1013.08
London|51.5073509|-0.1277583|7.96552228928|Europe/London|2017-09-10T23:00:00|2017|9|10|18.53|10.53|77.0|993.88
London|51.5073509|-0.1277583|7.96552228928|Europe/London|2017-09-22T23:00:00|2017|9|22|18.64|12.11|71.0|1021.78
London|51.5073509|-0.1277583|7.96552228928|Europe/London|2017-10-04T23:00:00|2017|10|4|17.0|7.91|67.0|1017.01
London|51.5073509|-0.1277583|7.96552228928|Europe/London|2017-10-16T23:00:00|2017|10|16|14.3|10.89|71.0|1018.85
London|51.5073509|-0.1277583|7.96552228928|Europe/London|2017-10-28T23:00:00|2017|10|28|14.21|4.2|71.0|1022.8
London|51.5073509|-0.1277583|7.96552228928|Europe/London|2017-11-10T00:00:00|2017|11|10|12.34|7.46|70.0|1019.76
London|51.5073509|-0.1277583|7.96552228928|Europe/London|2017-11-22T00:00:00|2017|11|22|14.75|10.36|72.0|998.01
London|51.5073509|-0.1277583|7.96552228928|Europe/London|2017-12-04T00:00:00|2017|12|4|9.58|7.58|84.0|1033.19
London|51.5073509|-0.1277583|7.96552228928|Europe/London|2017-12-16T00:00:00|2017|12|16|4.79|-0.05|84.0|1017.6
London|51.5073509|-0.1277583|7.96552228928|Europe/London|2017-12-28T00:00:00|2017|12|28|4.89|-0.82|83.0|1003.32
Moscow|55.755826|37.6172999|151.786056519|Europe/Moscow|2017-01-01T21:00:00|2017|1|1|1.64|-6.04|93.0|
Moscow|55.755826|37.6172999|151.786056519|Europe/Moscow|2017-01-13T21:00:00|2017|1|13|-1.57|-2.17|86.0|1011.74
Moscow|55.755826|37.6172999|151.786056519|Europe/Moscow|2017-01-25T21:00:00|2017|1|25|-12.11|-11.94|79.0|1029.44
Moscow|55.755826|37.6172999|151.786056519|Europe/Moscow|2017-02-06T21:00:00|2017|2|6|-15.43|-23.13|73.0|1042.18
Moscow|55.755826|37.6172999|151.786056519|Europe/Moscow|2017-02-18T21:00:00|2017|2|18|2.18|0.84|79.0|1010.7
Moscow|55.755826|37.6172999|151.786056519|Europe/Moscow|2017-03-02T21:00:00|2017|3|2|3.36|0.57|89.0|1005.99
Moscow|55.755826|37.6172999|151.786056519|Europe/Moscow|2017-03-14T21:00:00|2017|3|14|8.89|1.11|68.0|1017.23
Moscow|55.755826|37.6172999|151.786056519|Europe/Moscow|2017-03-26T21:00:00|2017|3|26|2.91|-0.29|81.0|997.49
Moscow|55.755826|37.6172999|151.786056519|Europe/Moscow|2017-04-07T21:00:00|2017|4|7|5.65|-1.45|93.0|1006.34
Moscow|55.755826|37.6172999|151.786056519|Europe/Moscow|2017-04-19T21:00:00|2017|4|19|4.69|-4.28|43.0|1022.44
Moscow|55.755826|37.6172999|151.786056519|Europe/Moscow|2017-05-01T21:00:00|2017|5|1|24.27|6.02|44.0|1016.39
Moscow|55.755826|37.6172999|151.786056519|Europe/Moscow|2017-05-13T21:00:00|2017|5|13|13.81|2.14|45.0|1023.33
Moscow|55.755826|37.6172999|151.786056519|Europe/Moscow|2017-05-25T21:00:00|2017|5|25|19.84|9.54|73.0|
Moscow|55.755826|37.6172999|151.786056519|Europe/Moscow|2017-06-06T21:00:00|2017|6|6|20.53|10.03|66.0|
Moscow|55.755826|37.6172999|151.786056519|Europe/Moscow|2017-06-18T21:00:00|2017|6|18|18.43|11.97|81.0|1008.72
Moscow|55.755826|37.6172999|151.786056519|Europe/Moscow|2017-06-30T21:00:00|2017|6|30|23.58|15.26|75.0|1003.28
Moscow|55.755826|37.6172999|151.786056519|Europe/Moscow|2017-07-12T21:00:00|2017|7|12|22.18|17.63|90.0|1007.34
Moscow|55.755826|37.6172999|151.786056519|Europe/Moscow|2017-07-24T21:00:00|2017|7|24|23.36|14.01|71.0|1010.38
Moscow|55.755826|37.6172999|151.786056519|Europe/Moscow|2017-08-05T21:00:00|2017|8|5|23.28|17.22|66.0|1014.6
Moscow|55.755826|37.6172999|151.786056519|Europe/Moscow|2017-08-17T21:00:00|2017|8|17|27.25|17.03|66.0|1024.19
Moscow|55.755826|37.6172999|151.786056519|Europe/Moscow|2017-08-29T21:00:00|2017|8|29|14.51|5.72|78.0|1020.94
Moscow|55.755826|37.6172999|151.786056519|Europe/Moscow|2017-09-10T21:00:00|2017|9|10|22.5|14.26|73.0|1014.63
Moscow|55.755826|37.6172999|151.786056519|Europe/Moscow|2017-09-22T21:00:00|2017|9|22|15.55|4.72|79.0|1034.04
Moscow|55.755826|37.6172999|151.786056519|Europe/Moscow|2017-10-04T21:00:00|2017|10|4|9.44|6.13|94.0|1003.56
Moscow|55.755826|37.6172999|151.786056519|Europe/Moscow|2017-10-16T21:00:00|2017|10|16|11.04|5.34|81.0|1013.54
Moscow|55.755826|37.6172999|151.786056519|Europe/Moscow|2017-10-28T21:00:00|2017|10|28|5.0|4.98|92.0|988.36
Moscow|55.755826|37.6172999|151.786056519|Europe/Moscow|2017-11-09T21:00:00|2017|11|9|2.39|1.63|92.0|1020.03
Moscow|55.755826|37.6172999|151.786056519|Europe/Moscow|2017-11-21T21:00:00|2017|11|21|-0.58|-2.68|85.0|1008.62
Moscow|55.755826|37.6172999|151.786056519|Europe/Moscow|2017-12-03T21:00:00|2017|12|3|1.95|-2.75|94.0|1009.47
Moscow|55.755826|37.6172999|151.786056519|Europe/Moscow|2017-12-15T21:00:00|2017|12|15|4.53|4.53|95.0|1010.22
Moscow|55.755826|37.6172999|151.786056519|Europe/Moscow|2017-12-27T21:00:00|2017|12|27|0.84|-0.37|94.0|1011.05
Stockholm|59.3293235|18.0685808|19.2455234528|Europe/Stockholm|2017-01-01T23:00:00|2017|1|1|-0.7|-6.44|81.0|1005.43
Stockholm|59.3293235|18.0685808|19.2455234528|Europe/Stockholm|2017-01-13T23:00:00|2017|1|13|-0.35|-3.55|87.0|995.45
Stockholm|59.3293235|18.0685808|19.2455234528|Europe/Stockholm|2017-01-25T23:00:00|2017|1|25|4.52|-0.3|87.0|1022.3
Stockholm|59.3293235|18.0685808|19.2455234528|Europe/Stockholm|2017-02-06T23:00:00|2017|2|6|-3.89|-5.71|56.0|1040.77
Stockholm|59.3293235|18.0685808|19.2455234528|Europe/Stockholm|2017-02-18T23:00:00|2017|2|18|6.67|3.72|85.0|1000.44
Stockholm|59.3293235|18.0685808|19.2455234528|Europe/Stockholm|2017-03-02T23:00:00|2017|3|2|1.68|-0.13|93.0|998.52
Stockholm|59.3293235|18.0685808|19.2455234528|Europe/Stockholm|2017-03-14T23:00:00|2017|3|14|9.71|1.81|59.0|1004.01
Stockholm|59.3293235|18.0685808|19.2455234528|Europe/Stockholm|2017-03-26T22:00:00|2017|3|26|16.74|2.39|54.0|1014.61
Stockholm|59.3293235|18.0685808|19.2455234528|Europe/Stockholm|2017-04-07T22:00:00|2017|4|7|8.59|3.98|68.0|1015.55
Stockholm|59.3293235|18.0685808|19.2455234528|Europe/Stockholm|2017-04-19T22:00:00|2017|4|19|7.88|6.43|73.0|1021.89
Stockholm|59.3293235|18.0685808|19.2455234528|Europe/Stockholm|2017-05-01T22:00:00|2017|5|1|15.47|2.31|47.0|1029.25
Stockholm|59.3293235|18.0685808|19.2455234528|Europe/Stockholm|2017-05-13T22:00:00|2017|5|13|15.0|7.36|56.0|1020.01
Stockholm|59.3293235|18.0685808|19.2455234528|Europe/Stockholm|2017-05-25T22:00:00|2017|5|25|18.19|11.31|59.0|1017.69
Stockholm|59.3293235|18.0685808|19.2455234528|Europe/Stockholm|2017-06-06T22:00:00|2017|6|6|17.93|10.05|76.0|1008.65
Stockholm|59.3293235|18.0685808|19.2455234528|Europe/Stockholm|2017-06-18T22:00:00|2017|6|18|22.64|14.05|61.0|1012.1
Stockholm|59.3293235|18.0685808|19.2455234528|Europe/Stockholm|2017-06-30T22:00:00|2017|6|30|19.02|13.92|70.0|1003.02
Stockholm|59.3293235|18.0685808|19.2455234528|Europe/Stockholm|2017-07-12T22:00:00|2017|7|12|19.33|10.24|53.0|1006.77
Stockholm|59.3293235|18.0685808|19.2455234528|Europe/Stockholm|2017-07-24T22:00:00|2017|7|24|21.56|12.88|72.0|1011.5
Stockholm|59.3293235|18.0685808|19.2455234528|Europe/Stockholm|2017-08-05T22:00:00|2017|8|5|17.01|13.29|93.0|1005.59
Stockholm|59.3293235|18.0685808|19.2455234528|Europe/Stockholm|2017-08-17T22:00:00|2017|8|17|18.77|15.53|91.0|1011.71
Stockholm|59.3293235|18.0685808|19.2455234528|Europe/Stockholm|2017-08-29T22:00:00|2017|8|29|22.75|12.73|67.0|1008.36
Stockholm|59.3293235|18.0685808|19.2455234528|Europe/Stockholm|2017-09-10T22:00:00|2017|9|10|17.7|13.39|86.0|999.57
Stockholm|59.3293235|18.0685808|19.2455234528|Europe/Stockholm|2017-09-22T22:00:00|2017|9|22|15.51|12.17|97.0|1026.23
Stockholm|59.3293235|18.0685808|19.2455234528|Europe/Stockholm|2017-10-04T22:00:00|2017|10|4|11.02|7.13|83.0|988.79
Stockholm|59.3293235|18.0685808|19.2455234528|Europe/Stockholm|2017-10-16T22:00:00|2017|10|16|13.94|7.12|90.0|1009.01
Stockholm|59.3293235|18.0685808|19.2455234528|Europe/Stockholm|2017-10-28T22:00:00|2017|10|28|4.5|1.63|71.0|987.06
Stockholm|59.3293235|18.0685808|19.2455234528|Europe/Stockholm|2017-11-09T23:00:00|2017|11|9|7.46|5.18|84.0|997.1
Stockholm|59.3293235|18.0685808|19.2455234528|Europe/Stockholm|2017-11-21T23:00:00|2017|11|21|3.2|2.96|94.0|1009.53
Stockholm|59.3293235|18.0685808|19.2455234528|Europe/Stockholm|2017-12-03T23:00:00|2017|12|3|0.49|-3.16|83.0|1010.32
Stockholm|59.3293235|18.0685808|19.2455234528|Europe/Stockholm|2017-12-15T23:00:00|2017|12|15|1.58|-3.08|97.0|998.02
Stockholm|59.3293235|18.0685808|19.2455234528|Europe/Stockholm|2017-12-27T23:00:00|2017|12|27|5.14|2.66|95.0|990.16
Melbourne|-37.8136276|144.9630576|10.0668983459|Australia/Melbourne|2017-01-01T13:00:00|2017|1|1|17.89|13.96|77.0|1018.48
Melbourne|-37.8136276|144.9630576|10.0668983459|Australia/Melbourne|2017-01-13T13:00:00|2017|1|13|22.74|12.98|59.0|1009.28
Melbourne|-37.8136276|144.9630576|10.0668983459|Australia/Melbourne|2017-01-25T13:00:00|2017|1|25|21.07|16.1|69.0|1018.53
Melbourne|-37.8136276|144.9630576|10.0668983459|Australia/Melbourne|2017-02-06T13:00:00|2017|2|6|25.69|15.19|63.0|1019.53
Melbourne|-37.8136276|144.9630576|10.0668983459|Australia/Melbourne|2017-02-18T13:00:00|2017|2|18|15.97|10.01|71.0|1009.64
Melbourne|-37.8136276|144.9630576|10.0668983459|Australia/Melbourne|2017-03-02T13:00:00|2017|3|2|26.64|15.38|76.0|1020.52
Melbourne|-37.8136276|144.9630576|10.0668983459|Australia/Melbourne|2017-03-14T13:00:00|2017|3|14|32.97|20.43|45.0|1013.76
Melbourne|-37.8136276|144.9630576|10.0668983459|Australia/Melbourne|2017-03-26T13:00:00|2017|3|26|31.1|10.84|64.0|1008.5
Melbourne|-37.8136276|144.9630576|10.0668983459|Australia/Melbourne|2017-04-07T14:00:00|2017|4|7|27.45|14.68|52.0|1016.07
Melbourne|-37.8136276|144.9630576|10.0668983459|Australia/Melbourne|2017-04-19T14:00:00|2017|4|19|24.6|15.62|51.0|1023.93
Melbourne|-37.8136276|144.9630576|10.0668983459|Australia/Melbourne|2017-05-01T14:00:00|2017|5|1|13.57|6.47|82.0|1020.9
Melbourne|-37.8136276|144.9630576|10.0668983459|Australia/Melbourne|2017-05-13T14:00:00|2017|5|13|14.0|6.63|89.0|1022.85
Melbourne|-37.8136276|144.9630576|10.0668983459|Australia/Melbourne|2017-05-25T14:00:00|2017|5|25|15.95|10.41|84.0|1020.63
Melbourne|-37.8136276|144.9630576|10.0668983459|Australia/Melbourne|2017-06-06T14:00:00|2017|6|6|13.12|3.97|77.0|1029.06
Melbourne|-37.8136276|144.9630576|10.0668983459|Australia/Melbourne|2017-06-18T14:00:00|2017|6|18|15.0|5.42|83.0|1030.69
Melbourne|-37.8136276|144.9630576|10.0668983459|Australia/Melbourne|2017-06-30T14:00:00|2017|6|30|12.42|1.54|79.0|1028.88
Melbourne|-37.8136276|144.9630576|10.0668983459|Australia/Melbourne|2017-07-12T14:00:00|2017|7|12|12.84|9.12|67.0|1020.71
Melbourne|-37.8136276|144.9630576|10.0668983459|Australia/Melbourne|2017-07-24T14:00:00|2017|7|24|16.88|10.09|73.0|1014.91
Melbourne|-37.8136276|144.9630576|10.0668983459|Australia/Melbourne|2017-08-05T14:00:00|2017|8|5|11.5|7.03|75.0|1002.72
Melbourne|-37.8136276|144.9630576|10.0668983459|Australia/Melbourne|2017-08-17T14:00:00|2017|8|17|10.48|4.49|77.0|1011.12
Melbourne|-37.8136276|144.9630576|10.0668983459|Australia/Melbourne|2017-08-29T14:00:00|2017|8|29|12.64|2.42|80.0|1027.08
Melbourne|-37.8136276|144.9630576|10.0668983459|Australia/Melbourne|2017-09-10T14:00:00|2017|9|10|16.92|11.67|64.0|1013.85
Melbourne|-37.8136276|144.9630576|10.0668983459|Australia/Melbourne|2017-09-22T14:00:00|2017|9|22|27.91|11.82|43.0|996.81
Melbourne|-37.8136276|144.9630576|10.0668983459|Australia/Melbourne|2017-10-04T13:00:00|2017|10|4|19.03|9.02|58.0|1014.36
Melbourne|-37.8136276|144.9630576|10.0668983459|Australia/Melbourne|2017-10-16T13:00:00|2017|10|16|29.58|15.03|52.0|1022.05
Melbourne|-37.8136276|144.9630576|10.0668983459|Australia/Melbourne|2017-10-28T13:00:00|2017|10|28|28.12|7.59|56.0|1002.01
Melbourne|-37.8136276|144.9630576|10.0668983459|Australia/Melbourne|2017-11-09T13:00:00|2017|11|9|24.29|13.28|73.0|1025.29
Melbourne|-37.8136276|144.9630576|10.0668983459|Australia/Melbourne|2017-11-21T13:00:00|2017|11|21|32.42|13.9|43.0|1014.81
Melbourne|-37.8136276|144.9630576|10.0668983459|Australia/Melbourne|2017-12-03T13:00:00|2017|12|3|16.46|9.86|79.0|1014.58
Melbourne|-37.8136276|144.9630576|10.0668983459|Australia/Melbourne|2017-12-15T13:00:00|2017|12|15|23.53|14.6|66.0|1014.37
Melbourne|-37.8136276|144.9630576|10.0668983459|Australia/Melbourne|2017-12-27T13:00:00|2017|12|27|30.62|17.87|58.0|1010.53
Anchorage|61.2180556|-149.9002778|33.1964111328|America/Anchorage|2017-01-02T09:00:00|2017|1|2|-11.46|-15.72|87.0|1038.16
Anchorage|61.2180556|-149.9002778|33.1964111328|America/Anchorage|2017-01-14T09:00:00|2017|1|14|-2.67|-13.2|80.0|985.72
Anchorage|61.2180556|-149.9002778|33.1964111328|America/Anchorage|2017-01-26T09:00:00|2017|1|26|6.44|-2.74|75.0|988.43
Anchorage|61.2180556|-149.9002778|33.1964111328|America/Anchorage|2017-02-07T09:00:00|2017|2|7|-7.47|-14.88|85.0|1019.63
Anchorage|61.2180556|-149.9002778|33.1964111328|America/Anchorage|2017-02-19T09:00:00|2017|2|19|-3.44|-8.29|88.0|1004.4
Anchorage|61.2180556|-149.9002778|33.1964111328|America/Anchorage|2017-03-03T09:00:00|2017|3|3|-3.89|-18.15|40.0|1019.57
Anchorage|61.2180556|-149.9002778|33.1964111328|America/Anchorage|2017-03-15T08:00:00|2017|3|15|-5.92|-13.96|45.0|998.89
Anchorage|61.2180556|-149.9002778|33.1964111328|America/Anchorage|2017-03-27T08:00:00|2017|3|27|0.23|-2.69|67.0|997.44
Anchorage|61.2180556|-149.9002778|33.1964111328|America/Anchorage|2017-04-08T08:00:00|2017|4|8|6.53|-1.26|67.0|997.5
Anchorage|61.2180556|-149.9002778|33.1964111328|America/Anchorage|2017-04-20T08:00:00|2017|4|20|8.38|-0.31|47.0|1018.82
Anchorage|61.2180556|-149.9002778|33.1964111328|America/Anchorage|2017-05-02T08:00:00|2017|5|2|10.38|4.15|56.0|1002.47
Anchorage|61.2180556|-149.9002778|33.1964111328|America/Anchorage|2017-05-14T08:00:00|2017|5|14|11.17|3.57|86.0|1005.28
Anchorage|61.2180556|-149.9002778|33.1964111328|America/Anchorage|2017-05-26T08:00:00|2017|5|26|10.48|5.07|54.0|1018.53
Anchorage|61.2180556|-149.9002778|33.1964111328|America/Anchorage|2017-06-07T08:00:00|2017|6|7|16.04|10.64|67.0|1007.0
Anchorage|61.2180556|-149.9002778|33.1964111328|America/Anchorage|2017-06-19T08:00:00|2017|6|19|17.53|10.26|67.0|1005.54
Anchorage|61.2180556|-149.9002778|33.1964111328|America/Anchorage|2017-07-01T08:00:00|2017|7|1|18.07|11.56|71.0|1006.5
Anchorage|61.2180556|-149.9002778|33.1964111328|America/Anchorage|2017-07-13T08:00:00|2017|7|13|20.57|15.8|77.0|1017.06
Anchorage|61.2180556|-149.9002778|33.1964111328|America/Anchorage|2017-07-25T08:00:00|2017|7|25|15.77|12.64|95.0|1015.36
Anchorage|61.2180556|-149.9002778|33.1964111328|America/Anchorage|2017-08-06T08:00:00|2017|8|6|17.54|10.85|82.0|1015.52
Anchorage|61.2180556|-149.9002778|33.1964111328|America/Anchorage|2017-08-18T08:00:00|2017|8|18|13.66|9.24|83.0|1005.31
Anchorage|61.2180556|-149.9002778|33.1964111328|America/Anchorage|2017-08-30T08:00:00|2017|8|30|16.3|9.64|76.0|989.11
Anchorage|61.2180556|-149.9002778|33.1964111328|America/Anchorage|2017-09-11T08:00:00|2017|9|11|13.69|5.74|84.0|1012.77
Anchorage|61.2180556|-149.9002778|33.1964111328|America/Anchorage|2017-09-23T08:00:00|2017|9|23|10.76|8.4|95.0|1000.9
Anchorage|61.2180556|-149.9002778|33.1964111328|America/Anchorage|2017-10-05T08:00:00|2017|10|5|9.73|6.06|85.0|994.07
Anchorage|61.2180556|-149.9002778|33.1964111328|America/Anchorage|2017-10-17T08:00:00|2017|10|17|3.13|-2.71|79.0|996.52
Anchorage|61.2180556|-149.9002778|33.1964111328|America/Anchorage|2017-10-29T08:00:00|2017|10|29|3.68|2.69|95.0|1023.45
Anchorage|61.2180556|-149.9002778|33.1964111328|America/Anchorage|2017-11-10T09:00:00|2017|11|10|-4.21|-6.89|82.0|1015.09
Anchorage|61.2180556|-149.9002778|33.1964111328|America/Anchorage|2017-11-22T09:00:00|2017|11|22|-10.41|-11.78|89.0|1006.51
Anchorage|61.2180556|-149.9002778|33.1964111328|America/Anchorage|2017-12-04T09:00:00|2017|12|4|5.41|0.24|79.0|992.99
Anchorage|61.2180556|-149.9002778|33.1964111328|America/Anchorage|2017-12-16T09:00:00|2017|12|16|0.64|-3.77|89.0|988.44
Anchorage|61.2180556|-149.9002778|33.1964111328|America/Anchorage|2017-12-28T09:00:00|2017|12|28|-10.63|-15.39|90.0|1023.23
Shanghai|31.2303904|121.4737021|15.8598537445|Asia/Shanghai|2017-01-01T16:00:00|2017|1|1|14.93|7.14|85.0|
Shanghai|31.2303904|121.4737021|15.8598537445|Asia/Shanghai|2017-01-13T16:00:00|2017|1|13|7.78|2.06|61.0|1028.56
Shanghai|31.2303904|121.4737021|15.8598537445|Asia/Shanghai|2017-01-25T16:00:00|2017|1|25|12.71|2.78|73.0|1029.06
Shanghai|31.2303904|121.4737021|15.8598537445|Asia/Shanghai|2017-02-06T16:00:00|2017|2|6|10.12|5.33|63.0|1025.97
Shanghai|31.2303904|121.4737021|15.8598537445|Asia/Shanghai|2017-02-18T16:00:00|2017|2|18|18.88|11.38|66.0|1015.72
Shanghai|31.2303904|121.4737021|15.8598537445|Asia/Shanghai|2017-03-02T16:00:00|2017|3|2|13.88|5.86|56.0|1019.91
Shanghai|31.2303904|121.4737021|15.8598537445|Asia/Shanghai|2017-03-14T16:00:00|2017|3|14|13.74|7.76|56.0|1025.27
Shanghai|31.2303904|121.4737021|15.8598537445|Asia/Shanghai|2017-03-26T16:00:00|2017|3|26|19.96|11.36|47.0|1024.72
Shanghai|31.2303904|121.4737021|15.8598537445|Asia/Shanghai|2017-04-07T16:00:00|2017|4|7|21.6|12.28|85.0|1013.09
Shanghai|31.2303904|121.4737021|15.8598537445|Asia/Shanghai|2017-04-19T16:00:00|2017|4|19|26.39|16.63|80.0|1009.36
Shanghai|31.2303904|121.4737021|15.8598537445|Asia/Shanghai|2017-05-01T16:00:00|2017|5|1|19.61|17.46|80.0|1016.69
Shanghai|31.2303904|121.4737021|15.8598537445|Asia/Shanghai|2017-05-13T16:00:00|2017|5|13|28.15|18.59|66.0|1012.89
Shanghai|31.2303904|121.4737021|15.8598537445|Asia/Shanghai|2017-05-25T16:00:00|2017|5|25|26.46|17.03|63.0|1012.75
Shanghai|31.2303904|121.4737021|15.8598537445|Asia/Shanghai|2017-06-06T16:00:00|2017|6|6|27.8|20.5|66.0|1011.67
Shanghai|31.2303904|121.4737021|15.8598537445|Asia/Shanghai|2017-06-18T16:00:00|2017|6|18|24.96|22.67|91.0|1006.11
Shanghai|31.2303904|121.4737021|15.8598537445|Asia/Shanghai|2017-06-30T16:00:00|2017|6|30|32.67|24.91|82.0|1005.78
Shanghai|31.2303904|121.4737021|15.8598537445|Asia/Shanghai|2017-07-12T16:00:00|2017|7|12|37.03|29.44|64.0|1007.08
Shanghai|31.2303904|121.4737021|15.8598537445|Asia/Shanghai|2017-07-24T16:00:00|2017|7|24|39.75|29.34|59.0|1004.25
Shanghai|31.2303904|121.4737021|15.8598537445|Asia/Shanghai|2017-08-05T16:00:00|2017|8|5|36.97|29.03|72.0|1001.94
Shanghai|31.2303904|121.4737021|15.8598537445|Asia/Shanghai|2017-08-17T16:00:00|2017|8|17|34.66|27.42|75.0|1009.79
Shanghai|31.2303904|121.4737021|15.8598537445|Asia/Shanghai|2017-08-29T16:00:00|2017|8|29|27.64|24.62|62.0|1013.24
Shanghai|31.2303904|121.4737021|15.8598537445|Asia/Shanghai|2017-09-10T16:00:00|2017|9|10|27.68|22.41|89.0|1009.67
Shanghai|31.2303904|121.4737021|15.8598537445|Asia/Shanghai|2017-09-22T16:00:00|2017|9|22|22.91|20.02|85.0|1016.01
Shanghai|31.2303904|121.4737021|15.8598537445|Asia/Shanghai|2017-10-04T16:00:00|2017|10|4|19.41|17.43|78.0|1019.75
Shanghai|31.2303904|121.4737021|15.8598537445|Asia/Shanghai|2017-10-16T16:00:00|2017|10|16|20.25|17.99|77.0|1022.56
Shanghai|31.2303904|121.4737021|15.8598537445|Asia/Shanghai|2017-10-28T16:00:00|2017|10|28|19.36|10.5|72.0|1025.71
Shanghai|31.2303904|121.4737021|15.8598537445|Asia/Shanghai|2017-11-09T16:00:00|2017|11|9|20.14|11.57|74.0|1019.51
Shanghai|31.2303904|121.4737021|15.8598537445|Asia/Shanghai|2017-11-21T16:00:00|2017|11|21|13.57|7.39|78.0|1022.86
Shanghai|31.2303904|121.4737021|15.8598537445|Asia/Shanghai|2017-12-03T16:00:00|2017|12|3|12.78|4.3|73.0|1026.37
Shanghai|31.2303904|121.4737021|15.8598537445|Asia/Shanghai|2017-12-15T16:00:00|2017|12|15|7.18|0.29|65.0|1033.76
Shanghai|31.2303904|121.4737021|15.8598537445|Asia/Shanghai|2017-12-27T16:00:00|2017|12|27|10.86|9.82|85.0|1026.53
Montreal|45.5016889|-73.567256|35.9016532898|America/Montreal|2017-01-02T05:00:00|2017|1|2|1.69|-5.37|82.0|1030.97
Montreal|45.5016889|-73.567256|35.9016532898|America/Montreal|2017-01-14T05:00:00|2017|1|14|-9.06|-9.97|67.0|1035.06
Montreal|45.5016889|-73.567256|35.9016532898|America/Montreal|2017-01-26T05:00:00|2017|1|26|1.08|-0.51|92.0|991.45
Montreal|45.5016889|-73.567256|35.9016532898|America/Montreal|2017-02-07T05:00:00|2017|2|7|-8.85|-8.4|86.0|1014.87
Montreal|45.5016889|-73.567256|35.9016532898|America/Montreal|2017-02-19T05:00:00|2017|2|19|8.01|-4.38|72.0|1006.11
Montreal|45.5016889|-73.567256|35.9016532898|America/Montreal|2017-03-03T05:00:00|2017|3|3|-7.72|-18.19|57.0|1023.95
Montreal|45.5016889|-73.567256|35.9016532898|America/Montreal|2017-03-15T04:00:00|2017|3|15|-4.13|-10.01|92.0|996.16
Montreal|45.5016889|-73.567256|35.9016532898|America/Montreal|2017-03-27T04:00:00|2017|3|27|3.76|1.29|94.0|1016.34
Montreal|45.5016889|-73.567256|35.9016532898|America/Montreal|2017-04-08T04:00:00|2017|4|8|7.07|1.11|70.0|1005.37
Montreal|45.5016889|-73.567256|35.9016532898|America/Montreal|2017-04-20T04:00:00|2017|4|20|8.97|6.79|77.0|1021.44
Montreal|45.5016889|-73.567256|35.9016532898|America/Montreal|2017-05-02T04:00:00|2017|5|2|15.87|7.58|77.0|998.7
Montreal|45.5016889|-73.567256|35.9016532898|America/Montreal|2017-05-14T04:00:00|2017|5|14|11.64|8.63|87.0|1006.59
Montreal|45.5016889|-73.567256|35.9016532898|America/Montreal|2017-05-26T04:00:00|2017|5|26|13.72|11.33|85.0|1004.94
Montreal|45.5016889|-73.567256|35.9016532898|America/Montreal|2017-06-07T04:00:00|2017|6|7|24.49|14.95|65.0|1014.79
Montreal|45.5016889|-73.567256|35.9016532898|America/Montreal|2017-06-19T04:00:00|2017|6|19|24.58|17.48|76.0|1004.83
Montreal|45.5016889|-73.567256|35.9016532898|America/Montreal|2017-07-01T04:00:00|2017|7|1|23.74|18.01|92.0|1009.49
Montreal|45.5016889|-73.567256|35.9016532898|America/Montreal|2017-07-13T04:00:00|2017|7|13|22.06|14.55|70.0|1017.77
Montreal|45.5016889|-73.567256|35.9016532898|America/Montreal|2017-07-25T04:00:00|2017|7|25|22.67|13.74|80.0|1020.37
Montreal|45.5016889|-73.567256|35.9016532898|America/Montreal|2017-08-06T04:00:00|2017|8|6|20.6|14.31|66.0|1013.51
Montreal|45.5016889|-73.567256|35.9016532898|America/Montreal|2017-08-18T04:00:00|2017|8|18|21.55|18.56|86.0|1008.38
Montreal|45.5016889|-73.567256|35.9016532898|America/Montreal|2017-08-30T04:00:00|2017|8|30|22.91|14.51|63.0|1014.57
Montreal|45.5016889|-73.567256|35.9016532898|America/Montreal|2017-09-11T04:00:00|2017|9|11|22.15|12.62|66.0|1024.62
Montreal|45.5016889|-73.567256|35.9016532898|America/Montreal|2017-09-23T04:00:00|2017|9|23|28.37|19.75|65.0|1017.03
Montreal|45.5016889|-73.567256|35.9016532898|America/Montreal|2017-10-05T04:00:00|2017|10|5|18.23|12.29|73.0|1015.98
Montreal|45.5016889|-73.567256|35.9016532898|America/Montreal|2017-10-17T04:00:00|2017|10|17|13.25|10.03|65.0|1020.72
Montreal|45.5016889|-73.567256|35.9016532898|America/Montreal|2017-10-29T04:00:00|2017|10|29|12.71|11.73|89.0|1007.24
Montreal|45.5016889|-73.567256|35.9016532898|America/Montreal|2017-11-10T05:00:00|2017|11|10|-3.82|-8.85|56.0|1021.4
Montreal|45.5016889|-73.567256|35.9016532898|America/Montreal|2017-11-22T05:00:00|2017|11|22|2.73|-7.33|77.0|1014.67
Montreal|45.5016889|-73.567256|35.9016532898|America/Montreal|2017-12-04T05:00:00|2017|12|4|4.11|3.05|77.0|1028.36
Montreal|45.5016889|-73.567256|35.9016532898|America/Montreal|2017-12-16T05:00:00|2017|12|16|-8.43|-16.76|78.0|1013.81
Montreal|45.5016889|-73.567256|35.9016532898|America/Montreal|2017-12-28T05:00:00|2017|12|28|-20.63|-23.25|61.0|1032.74
Paris|48.856614|2.3522219|32.5269584656|Europe/Paris|2017-01-01T23:00:00|2017|1|1|2.3|-0.27|88.0|1025.65
Paris|48.856614|2.3522219|32.5269584656|Europe/Paris|2017-01-13T23:00:00|2017|1|13|4.47|-0.11|84.0|1020.0
Paris|48.856614|2.3522219|32.5269584656|Europe/Paris|2017-01-25T23:00:00|2017|1|25|2.53|-1.18|72.0|1022.05
Paris|48.856614|2.3522219|32.5269584656|Europe/Paris|2017-02-06T23:00:00|2017|2|6|10.72|3.74|83.0|1015.83
Paris|48.856614|2.3522219|32.5269584656|Europe/Paris|2017-02-18T23:00:00|2017|2|18|11.24|7.83|84.0|1025.74
Paris|48.856614|2.3522219|32.5269584656|Europe/Paris|2017-03-02T23:00:00|2017|3|2|14.78|8.56|69.0|1003.66
Paris|48.856614|2.3522219|32.5269584656|Europe/Paris|2017-03-14T23:00:00|2017|3|14|14.89|5.89|76.0|1032.84
Paris|48.856614|2.3522219|32.5269584656|Europe/Paris|2017-03-26T22:00:00|2017|3|26|18.43|7.16|60.0|1020.01
Paris|48.856614|2.3522219|32.5269584656|Europe/Paris|2017-04-07T22:00:00|2017|4|7|20.61|7.27|63.0|1023.88
Paris|48.856614|2.3522219|32.5269584656|Europe/Paris|2017-04-19T22:00:00|2017|4|19|12.85|2.49|46.0|1035.81
Paris|48.856614|2.3522219|32.5269584656|Europe/Paris|2017-05-01T22:00:00|2017|5|1|15.98|9.11|66.0|1016.5
Paris|48.856614|2.3522219|32.5269584656|Europe/Paris|2017-05-13T22:00:00|2017|5|13|19.19|10.36|69.0|1021.43
Paris|48.856614|2.3522219|32.5269584656|Europe/Paris|2017-05-25T22:00:00|2017|5|25|27.62|16.88|54.0|1016.61
Paris|48.856614|2.3522219|32.5269584656|Europe/Paris|2017-06-06T22:00:00|2017|6|6|19.23|12.03|64.0|1017.12
Paris|48.856614|2.3522219|32.5269584656|Europe/Paris|2017-06-18T22:00:00|2017|6|18|32.58|19.18|50.0|1017.7
Paris|48.856614|2.3522219|32.5269584656|Europe/Paris|2017-06-30T22:00:00|2017|6|30|20.57|13.04|82.0|1014.91
Paris|48.856614|2.3522219|32.5269584656|Europe/Paris|2017-07-12T22:00:00|2017|7|12|23.69|13.74|64.0|1020.42
Paris|48.856614|2.3522219|32.5269584656|Europe/Paris|2017-07-24T22:00:00|2017|7|24|21.71|11.33|73.0|1015.22
Paris|48.856614|2.3522219|32.5269584656|Europe/Paris|2017-08-05T22:00:00|2017|8|5|23.56|11.81|59.0|1023.55
Paris|48.856614|2.3522219|32.5269584656|Europe/Paris|2017-08-17T22:00:00|2017|8|17|21.93|11.7|84.0|1015.28
Paris|48.856614|2.3522219|32.5269584656|Europe/Paris|2017-08-29T22:00:00|2017|8|29|22.07|11.48|80.0|1009.78
Paris|48.856614|2.3522219|32.5269584656|Europe/Paris|2017-09-10T22:00:00|2017|9|10|17.06|11.18|74.0|1002.27
Paris|48.856614|2.3522219|32.5269584656|Europe/Paris|2017-09-22T22:00:00|2017|9|22|19.8|10.37|75.0|1022.8
Paris|48.856614|2.3522219|32.5269584656|Europe/Paris|2017-10-04T22:00:00|2017|10|4|16.27|7.69|86.0|1020.29
Paris|48.856614|2.3522219|32.5269584656|Europe/Paris|2017-10-16T22:00:00|2017|10|16|22.18|12.12|80.0|1019.88
Paris|48.856614|2.3522219|32.5269584656|Europe/Paris|2017-10-28T22:00:00|2017|10|28|14.36|5.37|85.0|1021.91
Paris|48.856614|2.3522219|32.5269584656|Europe/Paris|2017-11-09T23:00:00|2017|11|9|12.76|8.3|88.0|1022.52
Paris|48.856614|2.3522219|32.5269584656|Europe/Paris|2017-11-21T23:00:00|2017|11|21|13.8|11.31|74.0|1009.16
Paris|48.856614|2.3522219|32.5269584656|Europe/Paris|2017-12-03T23:00:00|2017|12|3|8.39|2.01|91.0|1033.6
Paris|48.856614|2.3522219|32.5269584656|Europe/Paris|2017-12-15T23:00:00|2017|12|15|6.04|1.03|80.0|1016.14
Paris|48.856614|2.3522219|32.5269584656|Europe/Paris|2017-12-27T23:00:00|2017|12|27|5.96|0.2|82.0|1005.29
Munich|48.1351253|11.5819805|514.872436523|Europe/Berlin|2017-01-01T23:00:00|2017|1|1|0.37|-3.73|86.0|1023.32
Munich|48.1351253|11.5819805|514.872436523|Europe/Berlin|2017-01-13T23:00:00|2017|1|13|-0.48|-4.72|85.0|1013.79
Munich|48.1351253|11.5819805|514.872436523|Europe/Berlin|2017-01-25T23:00:00|2017|1|25|-2.56|-13.29|80.0|1030.46
Munich|48.1351253|11.5819805|514.872436523|Europe/Berlin|2017-02-06T23:00:00|2017|2|6|4.84|-0.21|84.0|1019.34
Munich|48.1351253|11.5819805|514.872436523|Europe/Berlin|2017-02-18T23:00:00|2017|2|18|6.13|1.29|84.0|1026.49
Munich|48.1351253|11.5819805|514.872436523|Europe/Berlin|2017-03-02T23:00:00|2017|3|2|11.73|4.15|62.0|1015.98
Munich|48.1351253|11.5819805|514.872436523|Europe/Berlin|2017-03-14T23:00:00|2017|3|14|12.32|-0.96|73.0|1031.91
Munich|48.1351253|11.5819805|514.872436523|Europe/Berlin|2017-03-26T22:00:00|2017|3|26|15.81|-0.23|52.0|1024.02
Munich|48.1351253|11.5819805|514.872436523|Europe/Berlin|2017-04-07T22:00:00|2017|4|7|17.33|2.56|68.0|1023.1
Munich|48.1351253|11.5819805|514.872436523|Europe/Berlin|2017-04-19T22:00:00|2017|4|19|4.14|-4.06|69.0|1034.42
Munich|48.1351253|11.5819805|514.872436523|Europe/Berlin|2017-05-01T22:00:00|2017|5|1|14.05|6.36|73.0|1016.03
Munich|48.1351253|11.5819805|514.872436523|Europe/Berlin|2017-05-13T22:00:00|2017|5|13|17.66|9.44|78.0|1021.26
Munich|48.1351253|11.5819805|514.872436523|Europe/Berlin|2017-05-25T22:00:00|2017|5|25|22.17|8.92|63.0|1019.54
Munich|48.1351253|11.5819805|514.872436523|Europe/Berlin|2017-06-06T22:00:00|2017|6|6|14.75|5.43|70.0|1018.2
Munich|48.1351253|11.5819805|514.872436523|Europe/Berlin|2017-06-18T22:00:00|2017|6|18|27.93|14.66|58.0|1019.71
Munich|48.1351253|11.5819805|514.872436523|Europe/Berlin|2017-06-30T22:00:00|2017|6|30|19.21|12.07|68.0|1013.05
Munich|48.1351253|11.5819805|514.872436523|Europe/Berlin|2017-07-12T22:00:00|2017|7|12|20.32|12.02|68.0|1018.69
Munich|48.1351253|11.5819805|514.872436523|Europe/Berlin|2017-07-24T22:00:00|2017|7|24|14.91|11.32|84.0|1009.48
Munich|48.1351253|11.5819805|514.872436523|Europe/Berlin|2017-08-05T22:00:00|2017|8|5|16.74|10.12|80.0|1020.42
Munich|48.1351253|11.5819805|514.872436523|Europe/Berlin|2017-08-17T22:00:00|2017|8|17|28.56|14.87|73.0|1014.63
Munich|48.1351253|11.5819805|514.872436523|Europe/Berlin|2017-08-29T22:00:00|2017|8|29|28.86|16.99|70.0|1013.03
Munich|48.1351253|11.5819805|514.872436523|Europe/Berlin|2017-09-10T22:00:00|2017|9|10|16.34|8.91|81.0|1006.28
Munich|48.1351253|11.5819805|514.872436523|Europe/Berlin|2017-09-22T22:00:00|2017|9|22|17.85|7.47|81.0|1022.2
Munich|48.1351253|11.5819805|514.872436523|Europe/Berlin|2017-10-04T22:00:00|2017|10|4|19.73|6.1|63.0|1015.92
Munich|48.1351253|11.5819805|514.872436523|Europe/Berlin|2017-10-16T22:00:00|2017|10|16|20.76|6.34|75.0|1025.29
Munich|48.1351253|11.5819805|514.872436523|Europe/Berlin|2017-10-28T22:00:00|2017|10|28|9.68|2.16|77.0|1012.63
Munich|48.1351253|11.5819805|514.872436523|Europe/Berlin|2017-11-09T23:00:00|2017|11|9|5.76|3.08|84.0|1022.62
Munich|48.1351253|11.5819805|514.872436523|Europe/Berlin|2017-11-21T23:00:00|2017|11|21|12.36|-0.54|74.0|1019.11
Munich|48.1351253|11.5819805|514.872436523|Europe/Berlin|2017-12-03T23:00:00|2017|12|3|1.18|0.9|88.0|1031.33
Munich|48.1351253|11.5819805|514.872436523|Europe/Berlin|2017-12-15T23:00:00|2017|12|15|1.41|-1.27|87.0|1012.47
Munich|48.1351253|11.5819805|514.872436523|Europe/Berlin|2017-12-27T23:00:00|2017|12|27|0.49|-4.22|90.0|999.19
Rome|41.9027835|12.4963655|52.7156257629|Europe/Rome|2017-01-01T23:00:00|2017|1|1|11.94|8.73|81.0|1023.25
Rome|41.9027835|12.4963655|52.7156257629|Europe/Rome|2017-01-13T23:00:00|2017|1|13|9.54|2.3|58.0|1009.73
Rome|41.9027835|12.4963655|52.7156257629|Europe/Rome|2017-01-25T23:00:00|2017|1|25|11.88|0.98|70.0|1023.98
Rome|41.9027835|12.4963655|52.7156257629|Europe/Rome|2017-02-06T23:00:00|2017|2|6|14.43|6.12|78.0|1009.68
Rome|41.9027835|12.4963655|52.7156257629|Europe/Rome|2017-02-18T23:00:00|2017|2|18|13.37|1.83|64.0|1023.03
Rome|41.9027835|12.4963655|52.7156257629|Europe/Rome|2017-03-02T23:00:00|2017|3|2|16.81|9.24|78.0|1018.28
Rome|41.9027835|12.4963655|52.7156257629|Europe/Rome|2017-03-14T23:00:00|2017|3|14|17.83|5.6|60.0|1024.88
Rome|41.9027835|12.4963655|52.7156257629|Europe/Rome|2017-03-26T22:00:00|2017|3|26|14.13|3.74|66.0|1019.01
Rome|41.9027835|12.4963655|52.7156257629|Europe/Rome|2017-04-07T22:00:00|2017|4|7|20.86|9.92|76.0|1020.99
Rome|41.9027835|12.4963655|52.7156257629|Europe/Rome|2017-04-19T22:00:00|2017|4|19|15.04|4.51|42.0|1021.5
Rome|41.9027835|12.4963655|52.7156257629|Europe/Rome|2017-05-01T22:00:00|2017|5|1|21.13|11.31|67.0|1017.37
Rome|41.9027835|12.4963655|52.7156257629|Europe/Rome|2017-05-13T22:00:00|2017|5|13|23.56|13.92|75.0|1021.32
Rome|41.9027835|12.4963655|52.7156257629|Europe/Rome|2017-05-25T22:00:00|2017|5|25|26.28|14.62|53.0|1015.92
Rome|41.9027835|12.4963655|52.7156257629|Europe/Rome|2017-06-06T22:00:00|2017|6|6|27.31|16.23|67.0|1013.47
Rome|41.9027835|12.4963655|52.7156257629|Europe/Rome|2017-06-18T22:00:00|2017|6|18|29.57|18.28|51.0|1019.42
Rome|41.9027835|12.4963655|52.7156257629|Europe/Rome|2017-06-30T22:00:00|2017|6|30|27.54|17.52|65.0|1009.79
Rome|41.9027835|12.4963655|52.7156257629|Europe/Rome|2017-07-12T22:00:00|2017|7|12|33.61|22.11|67.0|1011.81
Rome|41.9027835|12.4963655|52.7156257629|Europe/Rome|2017-07-24T22:00:00|2017|7|24|28.54|18.56|67.0|1005.05
Rome|41.9027835|12.4963655|52.7156257629|Europe/Rome|2017-08-05T22:00:00|2017|8|5|35.11|23.94|64.0|1011.77
Rome|41.9027835|12.4963655|52.7156257629|Europe/Rome|2017-08-17T22:00:00|2017|8|17|33.68|20.66|60.0|1015.86
Rome|41.9027835|12.4963655|52.7156257629|Europe/Rome|2017-08-29T22:00:00|2017|8|29|32.51|20.95|55.0|1014.84
Rome|41.9027835|12.4963655|52.7156257629|Europe/Rome|2017-09-10T22:00:00|2017|9|10|21.28|16.75|80.0|1000.53
Rome|41.9027835|12.4963655|52.7156257629|Europe/Rome|2017-09-22T22:00:00|2017|9|22|23.3|12.55|69.0|1021.64
Rome|41.9027835|12.4963655|52.7156257629|Europe/Rome|2017-10-04T22:00:00|2017|10|4|25.27|16.76|74.0|1019.67
Rome|41.9027835|12.4963655|52.7156257629|Europe/Rome|2017-10-16T22:00:00|2017|10|16|24.02|11.74|77.0|1024.8
Rome|41.9027835|12.4963655|52.7156257629|Europe/Rome|2017-10-28T22:00:00|2017|10|28|17.89|10.18|69.0|1011.98
Rome|41.9027835|12.4963655|52.7156257629|Europe/Rome|2017-11-09T23:00:00|2017|11|9|16.57|9.77|80.0|1016.69
Rome|41.9027835|12.4963655|52.7156257629|Europe/Rome|2017-11-21T23:00:00|2017|11|21|16.93|8.16|81.0|1020.89
Rome|41.9027835|12.4963655|52.7156257629|Europe/Rome|2017-12-03T23:00:00|2017|12|3|11.31|0.52|74.0|1024.44
Rome|41.9027835|12.4963655|52.7156257629|Europe/Rome|2017-12-15T23:00:00|2017|12|15|12.26|3.14|76.0|1005.72
Rome|41.9027835|12.4963655|52.7156257629|Europe/Rome|2017-12-27T23:00:00|2017|12|27|8.12|1.38|77.0|994.12
Miami|25.7616798|-80.1917902|0.536887228489|America/New_York|2017-01-02T05:00:00|2017|1|2|26.87|24.5|79.0|1021.03
Miami|25.7616798|-80.1917902|0.536887228489|America/New_York|2017-01-14T05:00:00|2017|1|14|24.25|22.21|66.0|1026.43
Miami|25.7616798|-80.1917902|0.536887228489|America/New_York|2017-01-26T05:00:00|2017|1|26|27.47|19.74|72.0|1018.04
Miami|25.7616798|-80.1917902|0.536887228489|America/New_York|2017-02-07T05:00:00|2017|2|7|25.83|21.29|73.0|1017.88
Miami|25.7616798|-80.1917902|0.536887228489|America/New_York|2017-02-19T05:00:00|2017|2|19|28.68|21.03|76.0|1017.16
Miami|25.7616798|-80.1917902|0.536887228489|America/New_York|2017-03-03T05:00:00|2017|3|3|25.44|21.48|71.0|1023.04
Miami|25.7616798|-80.1917902|0.536887228489|America/New_York|2017-03-15T04:00:00|2017|3|15|20.34|11.82|55.0|1020.74
Miami|25.7616798|-80.1917902|0.536887228489|America/New_York|2017-03-27T04:00:00|2017|3|27|25.56|19.99|63.0|1017.59
Miami|25.7616798|-80.1917902|0.536887228489|America/New_York|2017-04-08T04:00:00|2017|4|8|24.11|19.92|47.0|1017.25
Miami|25.7616798|-80.1917902|0.536887228489|America/New_York|2017-04-20T04:00:00|2017|4|20|25.65|22.83|62.0|1018.86
Miami|25.7616798|-80.1917902|0.536887228489|America/New_York|2017-05-02T04:00:00|2017|5|2|28.48|22.53|74.0|1016.11
Miami|25.7616798|-80.1917902|0.536887228489|America/New_York|2017-05-14T04:00:00|2017|5|14|29.39|22.45|72.0|1011.36
Miami|25.7616798|-80.1917902|0.536887228489|America/New_York|2017-05-26T04:00:00|2017|5|26|29.53|26.98|78.0|1016.47
Miami|25.7616798|-80.1917902|0.536887228489|America/New_York|2017-06-07T04:00:00|2017|6|7|28.48|21.98|90.0|1010.89
Miami|25.7616798|-80.1917902|0.536887228489|America/New_York|2017-06-19T04:00:00|2017|6|19|29.11|27.64|81.0|1014.98
Miami|25.7616798|-80.1917902|0.536887228489|America/New_York|2017-07-01T04:00:00|2017|7|1|31.13|27.53|70.0|1019.86
Miami|25.7616798|-80.1917902|0.536887228489|America/New_York|2017-07-13T04:00:00|2017|7|13|30.53|27.97|79.0|1017.75
Miami|25.7616798|-80.1917902|0.536887228489|America/New_York|2017-07-25T04:00:00|2017|7|25|31.69|28.56|76.0|1019.38
Miami|25.7616798|-80.1917902|0.536887228489|America/New_York|2017-08-06T04:00:00|2017|8|6|31.66|28.37|71.0|1017.65
Miami|25.7616798|-80.1917902|0.536887228489|America/New_York|2017-08-18T04:00:00|2017|8|18|32.27|28.15|69.0|1016.16
Miami|25.7616798|-80.1917902|0.536887228489|America/New_York|2017-08-30T04:00:00|2017|8|30|32.14|28.83|76.0|1015.77
Miami|25.7616798|-80.1917902|0.536887228489|America/New_York|2017-09-11T04:00:00|2017|9|11|31.18|26.64|81.0|1004.87
Miami|25.7616798|-80.1917902|0.536887228489|America/New_York|2017-09-23T04:00:00|2017|9|23|30.26|26.54|82.0|1009.89
Miami|25.7616798|-80.1917902|0.536887228489|America/New_York|2017-10-05T04:00:00|2017|10|5|28.52|27.48|88.0|1011.32
Miami|25.7616798|-80.1917902|0.536887228489|America/New_York|2017-10-17T04:00:00|2017|10|17|29.64|25.13|79.0|1015.07
Miami|25.7616798|-80.1917902|0.536887228489|America/New_York|2017-10-29T04:00:00|2017|10|29|25.44|14.37|77.0|1006.63
Miami|25.7616798|-80.1917902|0.536887228489|America/New_York|2017-11-10T05:00:00|2017|11|10|28.29|24.4|81.0|1015.43
Miami|25.7616798|-80.1917902|0.536887228489|America/New_York|2017-11-22T05:00:00|2017|11|22|27.34|23.27|82.0|1013.37
Miami|25.7616798|-80.1917902|0.536887228489|America/New_York|2017-12-04T05:00:00|2017|12|4|25.96|23.23|74.0|1019.97
Miami|25.7616798|-80.1917902|0.536887228489|America/New_York|2017-12-16T05:00:00|2017|12|16|25.11|21.61|74.0|1021.96
Miami|25.7616798|-80.1917902|0.536887228489|America/New_York|2017-12-28T05:00:00|2017|12|28|25.68|19.06|82.0|1021.47
